{"global_step": 0, "_timestamp": 1652177989.6329498, "test/env_step": 0.0, "test/reward": 0.3569999933242798, "test/length": 97.72000122070312, "test/reward_std": 1.0579465627670288, "test/length_std": 19.085115432739258, "_runtime": 249, "_step": 0}