{"global_step": 398796, "_timestamp": 1652229127.4830306, "test/env_step": 350700.0, "test_complete/reward": 1.7278947830200195, "test_complete/length": 172.7894744873047, "test_complete/reward_std": 0.912991464138031, "test_complete/length_std": 91.29914855957031, "test_flames_flaming_skulls_mancubus/reward": 1.5160975456237793, "test_flames_flaming_skulls_mancubus/length": 151.60975646972656, "test_flames_flaming_skulls_mancubus/reward_std": 0.7459676265716553, "test_flames_flaming_skulls_mancubus/length_std": 74.59676361083984, "test_revenants/reward": 2.9509522914886475, "test_revenants/length": 295.0952453613281, "test_revenants/reward_std": 0.6884551644325256, "test_revenants/length_std": 68.84552001953125, "_runtime": 852, "_step": 398, "train/episode": 4.0, "train_default/reward": 5.25, "train_default/length": 525.0, "train_default/reward_std": 0.0, "train_default/length_std": 0.0, "train_cacodemons/reward": 5.25, "train_cacodemons/length": 525.0, "train_cacodemons/reward_std": 0.0, "train_cacodemons/length_std": 0.0, "train_city/reward": 3.3299999237060547, "train_city/length": 333.0, "train_city/reward_std": 1.7400000095367432, "train_city/length_std": 174.0, "update/loss": -0.018571943044662476, "update/loss/clip": -0.011547156609594822, "update/loss/vf": 0.01274670660495758, "update/loss/ent": 1.3398139476776123, "_wandb": {"runtime": 856}}