{"global_step": 381000, "_timestamp": 1652191197.314367, "test/env_step": 300000.0, "test/reward": 37.36429977416992, "test/length": 521.4299926757812, "test/reward_std": 4.295926570892334, "test/length_std": 35.521053314208984, "_runtime": 1045, "_step": 381, "train/episode": 2.0, "train/reward": 43.75, "train/length": 525.0, "update/loss": 0.4053952395915985, "update/loss/clip": -0.004679613281041384, "update/loss/vf": 0.8342142105102539, "update/loss/ent": 0.7032256722450256}