{"global_step": 1000, "_timestamp": 1652917327.4638999, "test/env_step": 0.0, "test_default/reward": 2.761199951171875, "test_default/reward_std": 1.1124237775802612, "test_default/length": 444.4800109863281, "test_default/length_std": 87.03705596923828, "test_default/kits_obtained": 1.649999976158142, "test_default/kits_obtained_std": 0.8986100554466248, "_runtime": 72, "_step": 1, "train/episode": 10.0, "train_default/reward": 2.315999984741211, "train_default/reward_std": 0.5453659296035767, "train_default/length": 406.3999938964844, "train_default/length_std": 37.997894287109375, "train_default/kits_obtained": 1.2999999523162842, "train_default/kits_obtained_std": 0.4582575559616089, "_wandb": {"runtime": 85}}