{"global_step": 162000, "_timestamp": 1652139077.884518, "test/env_step": 100000.0, "test/reward": 3.5810000896453857, "test/length": 135.92999267578125, "test/reward_std": 1.8114466667175293, "test/length_std": 39.01262664794922, "_runtime": 358, "_step": 162, "train/episode": 6.0, "train/reward": 6.116666793823242, "train/length": 164.1666717529297, "update/loss": 0.08996480703353882, "update/loss/clip": -0.006599539425224066, "update/loss/vf": 0.20863893628120422, "update/loss/ent": 0.7755122780799866}