{"global_step": 161000, "_timestamp": 1652105584.5747776, "test/env_step": 100000.0, "test/reward": 0.0, "test/length": 76.41000366210938, "test/reward_std": 0.0, "test/length_std": 13.887473106384277, "_runtime": 309, "_step": 161, "train/episode": 10.0, "train/reward": 0.0, "train/length": 76.0999984741211, "update/loss": -0.02274286188185215, "update/loss/clip": -0.012399905361235142, "update/loss/vf": 0.0055155823938548565, "update/loss/ent": 1.3100746870040894, "_wandb": {"runtime": 312}}