{"global_step": 0, "_timestamp": 1652292087.3949633, "test/env_step": 0.0, "test_barons/reward": 0.409607857465744, "test_barons/length": 110.5686264038086, "test_barons/reward_std": 0.28333422541618347, "test_barons/length_std": 27.558319091796875, "test_city/reward": 0.14224490523338318, "test_city/length": 109.73469543457031, "test_city/reward_std": 0.34540873765945435, "test_city/length_std": 35.62604904174805, "_runtime": 91, "_step": 0}