{"global_step": 176000, "_timestamp": 1652176494.1308675, "test/env_step": 100000.0, "test/reward": 4.138000011444092, "test/length": 140.3000030517578, "test/reward_std": 2.0536201000213623, "test/length_std": 42.097862243652344, "_runtime": 361, "_step": 176, "train/episode": 7.0, "train/reward": 4.471428394317627, "train/length": 150.14285278320312, "update/loss": 0.12479149550199509, "update/loss/clip": -0.0044510639272630215, "update/loss/vf": 0.27167534828186035, "update/loss/ent": 0.6595113277435303}