{"global_step": 0, "_timestamp": 1652292737.1447651, "test/env_step": 0.0, "test_barons/reward": 0.4545283019542694, "test_barons/length": 110.54717254638672, "test_barons/reward_std": 0.26547619700431824, "test_barons/length_std": 27.07541275024414, "test_city/reward": 0.26595744490623474, "test_city/length": 121.27659606933594, "test_city/reward_std": 0.35041409730911255, "test_city/length_std": 38.9378662109375, "_runtime": 36, "_step": 0}