{"global_step": 240480, "_timestamp": 1652195090.621179, "test/env_step": 240480.0, "test/reward": 4.345600128173828, "test/length": 133.55999755859375, "test/reward_std": 5.724620819091797, "test/length_std": 89.9609146118164, "_runtime": 1385, "_step": 225, "train/episode": 1.0, "train/reward": 32.25, "train/length": 525.0, "update/loss": 0.33608126640319824, "update/loss/clip": -0.006285061594098806, "update/loss/vf": 0.702711820602417, "update/loss/ent": 0.8989604115486145}