{"global_step": 69000, "_timestamp": 1652825975.428794, "test/env_step": 60000.0, "test_resized_enemies/reward": 16.89556884765625, "test_resized_enemies/reward_std": 7.4066081047058105, "test_resized_enemies/length": 1204.0784912109375, "test_resized_enemies/length_std": 183.90533447265625, "test_resized_enemies/kills": 0.11764705926179886, "test_resized_enemies/kills_std": 0.37818238139152527, "test_resized_enemies/health": 89.96078491210938, "test_resized_enemies/health_std": 23.38254737854004, "test_resized_enemies/ammo": 2.9607841968536377, "test_resized_enemies/ammo_std": 2.009397268295288, "test_resized_enemies/movement": 55.726844787597656, "test_resized_enemies/movement_std": 41.42402267456055, "test_blue/reward": 17.768604278564453, "test_blue/reward_std": 5.398214817047119, "test_blue/length": 1214.040771484375, "test_blue/length_std": 146.02459716796875, "test_blue/kills": 0.18367347121238708, "test_blue/kills_std": 0.4367537796497345, "test_blue/health": 84.81632995605469, "test_blue/health_std": 27.594493865966797, "test_blue/ammo": 5.285714149475098, "test_blue/ammo_std": 2.6649653911590576, "test_blue/movement": 52.69369125366211, "test_blue/movement_std": 20.04003143310547, "_runtime": 584, "_step": 69, "train/episode": 4.0, "train_default/reward": 15.449516296386719, "train_default/reward_std": 0.7019674777984619, "train_default/length": 1090.0, "train_default/length_std": 162.0, "train_default/kills": 0.0, "train_default/kills_std": 0.0, "train_default/health": 64.0, "train_default/health_std": 36.0, "train_default/ammo": 3.0, "train_default/ammo_std": 1.0, "train_default/movement": 60.51521682739258, "train_default/movement_std": 12.120491027832031, "train_red/reward": 20.358125686645508, "train_red/reward_std": 2.0168027877807617, "train_red/length": 1252.0, "train_red/length_std": 0.0, "train_red/kills": 0.0, "train_red/kills_std": 0.0, "train_red/health": 58.0, "train_red/health_std": 42.0, "train_red/ammo": 4.5, "train_red/ammo_std": 0.5, "train_red/movement": 66.95886993408203, "train_red/movement_std": 5.804481506347656}