{"global_step": 0, "_timestamp": 1652293778.806682, "test/env_step": 0.0, "test_barons/reward": 0.4901851713657379, "test_barons/length": 114.20370483398438, "test_barons/reward_std": 0.26471152901649475, "test_barons/length_std": 25.34822654724121, "test_city/reward": 0.1997826099395752, "test_city/length": 120.41304016113281, "test_city/reward_std": 0.3904317021369934, "test_city/length_std": 40.52727127075195, "_runtime": 432, "_step": 0}