{"global_step": 0, "_timestamp": 1653155768.287045, "test/env_step": 0.0, "test_blue/reward": 26.80299949645996, "test_blue/reward_std": 7.918720722198486, "test_blue/length": 1235.8800048828125, "test_blue/length_std": 113.82576751708984, "test_blue/kills": 2.359999895095825, "test_blue/kills_std": 2.551548480987549, "test_blue/health": 93.04000091552734, "test_blue/health_std": 19.812076568603516, "test_blue/ammo": 67.55999755859375, "test_blue/ammo_std": 6.744360446929932, "test_blue/movement": 83.05120086669922, "test_blue/movement_std": 23.14348602294922, "_runtime": 206, "_step": 0}