{"global_step": 9000, "_timestamp": 1653154139.3229702, "test/env_step": 0.0, "test_blue/reward": 27.666641235351562, "test_blue/reward_std": 8.21590518951416, "test_blue/length": 1235.5999755859375, "test_blue/length_std": 114.4706039428711, "test_blue/kills": 2.609999895095825, "test_blue/kills_std": 2.1113739013671875, "test_blue/health": 92.80000305175781, "test_blue/health_std": 20.27017593383789, "test_blue/ammo": 67.5, "test_blue/ammo_std": 6.609841346740723, "test_blue/movement": 86.20594787597656, "test_blue/movement_std": 27.461362838745117, "_runtime": 330, "_step": 9, "train/episode": 3.0, "train_default/reward": 39.241737365722656, "train_default/reward_std": 8.540196418762207, "train_default/length": 1252.0, "train_default/length_std": 0.0, "train_default/kills": 6.333333492279053, "train_default/kills_std": 2.4944381713867188, "train_default/health": 100.0, "train_default/health_std": 0.0, "train_default/ammo": 70.33333587646484, "train_default/ammo_std": 2.054804563522339, "train_default/movement": 125.37296295166016, "train_default/movement_std": 27.284971237182617}