{"global_step": 0, "_timestamp": 1653157054.9714777, "test/env_step": 0.0, "test_blue/reward": 28.187232971191406, "test_blue/reward_std": 8.026366233825684, "test_blue/length": 1245.239990234375, "test_blue/length_std": 55.56889724731445, "test_blue/kills": 2.2799999713897705, "test_blue/kills_std": 2.1264054775238037, "test_blue/health": 93.4000015258789, "test_blue/health_std": 17.365482330322266, "test_blue/ammo": 68.23999786376953, "test_blue/ammo_std": 3.7499866485595703, "test_blue/movement": 86.14205169677734, "test_blue/movement_std": 25.419153213500977, "_runtime": 223, "_step": 0}