{"global_step": 209000, "_timestamp": 1652795850.2973578, "test/env_step": 200000.0, "test_resized_enemies/reward": 36.12565231323242, "test_resized_enemies/length": 1097.282958984375, "test_resized_enemies/reward_std": 7.147026538848877, "test_resized_enemies/length_std": 248.80062866210938, "train_resized_enemies/kills": 0.4528301954269409, "train_resized_enemies/kills_std": 0.7664186954498291, "train_resized_enemies/health": 46.11320877075195, "train_resized_enemies/health_std": 33.191078186035156, "train_resized_enemies/ammo": 3.433962345123291, "train_resized_enemies/ammo_std": 2.1849350929260254, "train_resized_enemies/movement": 107.79582214355469, "train_resized_enemies/movement_std": 25.698062896728516, "test_blue/reward": 20.512815475463867, "test_blue/length": 1214.6383056640625, "test_blue/reward_std": 7.717828273773193, "test_blue/length_std": 159.10232543945312, "train_blue/kills": 0.3404255211353302, "train_blue/kills_std": 0.6612880825996399, "train_blue/health": 81.61701965332031, "train_blue/health_std": 26.758615493774414, "train_blue/ammo": 7.297872543334961, "train_blue/ammo_std": 2.333063840866089, "train_blue/movement": 60.3807373046875, "train_blue/movement_std": 31.833219528198242, "_runtime": 2154, "_step": 209, "train/episode": 4.0, "train_default/reward": 36.06438064575195, "train_default/length": 1252.0, "train_default/reward_std": 4.457939147949219, "train_default/length_std": 0.0, "train_default/kills": 0.0, "train_default/kills_std": 0.0, "train_default/health": 94.0, "train_default/health_std": 6.0, "train_default/ammo": 1.5, "train_default/ammo_std": 0.5, "train_default/movement": 101.64339447021484, "train_default/movement_std": 0.29412415623664856, "train_red/reward": 15.25113296508789, "train_red/length": 1162.0, "train_red/reward_std": 8.24163818359375, "train_red/length_std": 90.0, "train_red/kills": 0.5, "train_red/kills_std": 0.5, "train_red/health": 58.0, "train_red/health_std": 42.0, "train_red/ammo": 7.5, "train_red/ammo_std": 0.5, "train_red/movement": 37.988380432128906, "train_red/movement_std": 7.3559370040893555, "update/loss": 1.5060440301895142, "update/loss/clip": -0.001532832277007401, "update/loss/vf": 3.0529685020446777, "update/loss/ent": 1.8907356262207031}