{"global_step": 167334, "_timestamp": 1652342119.3392677, "test/env_step": 150300.0, "test_complete/reward": 0.8454545736312866, "test_complete/length": 157.0454559326172, "test_complete/reward_std": 0.8704216480255127, "test_complete/length_std": 86.35865020751953, "test_flames_flaming_skulls_mancubus/reward": 1.5578378438949585, "test_flames_flaming_skulls_mancubus/length": 194.1621551513672, "test_flames_flaming_skulls_mancubus/reward_std": 0.8581410646438599, "test_flames_flaming_skulls_mancubus/length_std": 90.87666320800781, "test_revenants/reward": 2.322631597518921, "test_revenants/length": 340.6842041015625, "test_revenants/reward_std": 0.8104049563407898, "test_revenants/length_std": 86.14311981201172, "_runtime": 785, "_step": 167, "train/episode": 3.0, "train_default/reward": 2.6700000762939453, "train_default/length": 367.0, "train_default/reward_std": 0.0, "train_default/length_std": 0.0, "train_cacodemons/reward": 2.2699999809265137, "train_cacodemons/length": 302.0, "train_cacodemons/reward_std": 0.3499999940395355, "train_cacodemons/length_std": 20.0, "train_city/reward": 1.4199999570846558, "train_city/length": 237.0, "train_city/reward_std": 1.0800000429153442, "train_city/length_std": 93.0, "update/loss": -0.011861610226333141, "update/loss/clip": -0.003397290362045169, "update/loss/vf": 0.011340869590640068, "update/loss/ent": 1.413475513458252}