{"global_step": 0, "_timestamp": 1653157736.1389406, "test/env_step": 0.0, "test_blue/reward": 27.820072174072266, "test_blue/reward_std": 8.31191349029541, "test_blue/length": 1239.9200439453125, "test_blue/length_std": 88.47323608398438, "test_blue/kills": 2.190000057220459, "test_blue/kills_std": 2.157289981842041, "test_blue/health": 94.08000183105469, "test_blue/health_std": 17.255538940429688, "test_blue/ammo": 67.79000091552734, "test_blue/ammo_std": 5.324086666107178, "test_blue/movement": 85.78408813476562, "test_blue/movement_std": 25.516592025756836, "_runtime": 382, "_step": 0}