{"global_step": 3000, "_timestamp": 1653159086.161415, "test/env_step": 3000.0, "test_blue/reward": 29.223047256469727, "test_blue/reward_std": 7.921818733215332, "test_blue/length": 1234.1600341796875, "test_blue/length_std": 126.1851577758789, "test_blue/kills": 2.869999885559082, "test_blue/kills_std": 2.4027276039123535, "test_blue/health": 92.08000183105469, "test_blue/health_std": 18.555688858032227, "test_blue/ammo": 66.7300033569336, "test_blue/ammo_std": 7.121593952178955, "test_blue/movement": 90.43142700195312, "test_blue/movement_std": 27.799060821533203, "_runtime": 611, "_step": 3, "train/episode": 3.0, "train_default/reward": 28.228010177612305, "train_default/reward_std": 4.077050685882568, "train_default/length": 1252.0, "train_default/length_std": 0.0, "train_default/kills": 5.333333492279053, "train_default/kills_std": 2.8674416542053223, "train_default/health": 97.33333587646484, "train_default/health_std": 3.7712361812591553, "train_default/ammo": 66.66666412353516, "train_default/ammo_std": 2.624669313430786, "train_default/movement": 90.18533325195312, "train_default/movement_std": 13.025720596313477}