{"global_step": 0, "_timestamp": 1652339985.8978076, "test/env_step": 0.0, "test_complete/reward": 0.48868420720100403, "test_complete/length": 120.97368621826172, "test_complete/reward_std": 0.5613759756088257, "test_complete/length_std": 54.480072021484375, "test_flames_flaming_skulls_mancubus/reward": 0.7364285588264465, "test_flames_flaming_skulls_mancubus/length": 113.4047622680664, "test_flames_flaming_skulls_mancubus/reward_std": 0.4303753674030304, "test_flames_flaming_skulls_mancubus/length_std": 52.92945098876953, "test_revenants/reward": 1.0460000038146973, "test_revenants/length": 214.10000610351562, "test_revenants/reward_std": 0.44852423667907715, "test_revenants/length_std": 51.68259048461914, "_runtime": 161, "_step": 0}