{"global_step": 0, "_timestamp": 1652293308.3971512, "test/env_step": 0.0, "test_barons/reward": 0.5262745022773743, "test_barons/length": 114.5882339477539, "test_barons/reward_std": 0.3092683255672455, "test_barons/length_std": 30.74192237854004, "test_city/reward": 0.20999999344348907, "test_city/length": 118.34693908691406, "test_city/reward_std": 0.36009636521339417, "test_city/length_std": 36.34671401977539, "_runtime": 203, "_step": 0}