{"global_step": 6000, "_timestamp": 1654078893.0439177, "test/env_step": 6000.0, "test_default/reward": 0.36000001430511475, "test_default/reward_std": 1.1038116216659546, "test_default/length": 460.79998779296875, "test_default/length_std": 41.523006439208984, "test_default/kills": 3.5999999046325684, "test_default/kills_std": 1.0198038816452026, "test_default/ammo": 0.0, "test_default/ammo_std": 0.0, "_runtime": 126, "_step": 6, "train/episode": 12.0, "train_default/reward": -0.824999988079071, "train_default/reward_std": 0.8377798199653625, "train_default/length": 347.3333435058594, "train_default/length_std": 85.3359375, "train_default/kills": 1.5833333730697632, "train_default/kills_std": 1.3202482461929321, "train_default/ammo": 7.5, "train_default/ammo_std": 3.9686269760131836}