{"global_step": 32064, "_timestamp": 1652228063.1684542, "test/env_step": 0.0, "test_complete/reward": 1.1711905002593994, "test_complete/length": 117.11904907226562, "test_complete/reward_std": 0.37691229581832886, "test_complete/length_std": 37.691226959228516, "test_flames_flaming_skulls_mancubus/reward": 1.3292105197906494, "test_flames_flaming_skulls_mancubus/length": 132.92105102539062, "test_flames_flaming_skulls_mancubus/reward_std": 0.5524937510490417, "test_flames_flaming_skulls_mancubus/length_std": 55.2493782043457, "test_revenants/reward": 2.320499897003174, "test_revenants/length": 232.0500030517578, "test_revenants/reward_std": 0.5288333892822266, "test_revenants/length_std": 52.883338928222656, "_runtime": 128, "_step": 32, "train/episode": 7.0, "train_default/reward": 0.949999988079071, "train_default/length": 95.0, "train_default/reward_std": 0.25, "train_default/length_std": 25.0, "train_cacodemons/reward": 3.5399999618530273, "train_cacodemons/length": 354.0, "train_cacodemons/reward_std": 0.0, "train_cacodemons/length_std": 0.0, "train_city/reward": 1.7649999856948853, "train_city/length": 176.5, "train_city/reward_std": 0.4050000011920929, "train_city/length_std": 40.5}