{"global_step": 0, "_timestamp": 1652176652.569648, "test/env_step": 0.0, "test/reward": 0.4300000071525574, "test/length": 99.51000213623047, "test/reward_std": 1.3850992918014526, "test/length_std": 25.247373580932617, "_runtime": 123, "_step": 0}