{"global_step": 44000, "_timestamp": 1652087789.7986674, "test/env_step": 0.0, "test/reward": 0.0, "test/length": 194.82000732421875, "test/reward_std": 0.0, "test/length_std": 69.2042465209961, "_runtime": 96, "_step": 44, "train/episode": 4.0, "train/reward": 0.0, "train/length": 137.5}