{"global_step": 0, "_timestamp": 1652292571.0849555, "test/env_step": 0.0, "test_barons/reward": 0.45711538195610046, "test_barons/length": 108.98076629638672, "test_barons/reward_std": 0.2488228976726532, "test_barons/length_std": 29.014909744262695, "test_city/reward": 0.18520833551883698, "test_city/length": 116.02083587646484, "test_city/reward_std": 0.3659917414188385, "test_city/length_std": 45.87596130371094, "_runtime": 91, "_step": 0, "_wandb": {"runtime": 208}}