{"global_step": 6000, "_timestamp": 1654083727.2257895, "test/env_step": 0.0, "test_complete/reward": -0.35370001196861267, "test_complete/reward_std": 0.19541573524475098, "test_complete/length": 186.52000427246094, "test_complete/length_std": 34.25857162475586, "test_complete/hits_taken": 8.199999809265137, "test_complete/hits_taken_std": 1.9493588209152222, "_runtime": 192, "_step": 6, "train/episode": 18.0, "train_complete/reward": -0.15611110627651215, "train_complete/reward_std": 0.17266342043876648, "train_complete/length": 219.77777099609375, "train_complete/length_std": 46.120079040527344, "train_complete/hits_taken": 7.05555534362793, "train_complete/hits_taken_std": 1.6149380207061768}