{"global_step": 117000, "_timestamp": 1652796674.5250149, "test/env_step": 110000.0, "test_resized_enemies/kills": 0.01923076994717121, "test_resized_enemies/kills_std": 0.1373351663351059, "test_resized_enemies/health": 82.84615325927734, "test_resized_enemies/health_std": 30.17218780517578, "test_resized_enemies/ammo": 2.826923131942749, "test_resized_enemies/ammo_std": 2.118790864944458, "test_resized_enemies/movement": 64.15299987792969, "test_resized_enemies/movement_std": 34.70695495605469, "test_blue/kills": 0.375, "test_blue/kills_std": 0.6653633117675781, "test_blue/health": 92.33333587646484, "test_blue/health_std": 20.701583862304688, "test_blue/ammo": 6.895833492279053, "test_blue/ammo_std": 2.8005921840667725, "test_blue/movement": 52.83560562133789, "test_blue/movement_std": 16.457359313964844, "_runtime": 791, "_step": 117, "train/episode": 4.0, "train_default/kills": 0.0, "train_default/kills_std": 0.0, "train_default/health": 100.0, "train_default/health_std": 0.0, "train_default/ammo": 1.0, "train_default/ammo_std": 1.0, "train_default/movement": 78.56755828857422, "train_default/movement_std": 4.999390602111816, "train_red/kills": 0.0, "train_red/kills_std": 0.0, "train_red/health": 72.0, "train_red/health_std": 28.0, "train_red/ammo": 6.5, "train_red/ammo_std": 0.5, "train_red/movement": 71.94066619873047, "train_red/movement_std": 18.475425720214844, "update/loss": 0.896022379398346, "update/loss/clip": -0.0018649748526513577, "update/loss/vf": 1.8512557744979858, "update/loss/ent": 2.7740585803985596}