{"global_step": 9000, "_timestamp": 1653155482.7750387, "test/env_step": 0.0, "test_blue/reward": 28.398962020874023, "test_blue/reward_std": 8.375577926635742, "test_blue/length": 1250.6800537109375, "test_blue/length_std": 13.133833885192871, "test_blue/kills": 2.3499999046325684, "test_blue/kills_std": 2.2819948196411133, "test_blue/health": 95.0, "test_blue/health_std": 15.963708877563477, "test_blue/ammo": 68.33999633789062, "test_blue/ammo_std": 2.4381139278411865, "test_blue/movement": 87.32649230957031, "test_blue/movement_std": 24.583513259887695, "_runtime": 831, "_step": 9, "train/episode": 3.0, "train_default/reward": 43.59189987182617, "train_default/reward_std": 5.740514278411865, "train_default/length": 1252.0, "train_default/length_std": 0.0, "train_default/kills": 6.0, "train_default/kills_std": 4.082482814788818, "train_default/health": 100.0, "train_default/health_std": 0.0, "train_default/ammo": 64.66666412353516, "train_default/ammo_std": 1.6996731758117676, "train_default/movement": 129.6865692138672, "train_default/movement_std": 31.760957717895508}