{"global_step": 9018, "_timestamp": 1652195229.0324068, "test/env_step": 0.0, "test/reward": 2.987299919128418, "test/length": 113.7300033569336, "test/reward_std": 1.5168743133544922, "test/length_std": 30.792484283447266, "_runtime": 40, "_step": 9, "train/episode": 7.0, "train/reward": 7.6185712814331055, "train/length": 190.42857360839844}