{"global_step": 0, "_timestamp": 1652793411.0775661, "test/env_step": 0.0, "test_resized_enemies/reward": 12.59543228149414, "test_resized_enemies/length": 1252.0, "test_resized_enemies/reward_std": 5.867093086242676, "test_resized_enemies/length_std": 0.0, "test_blue/reward": 13.256340026855469, "test_blue/length": 1252.0, "test_blue/reward_std": 6.02567720413208, "test_blue/length_std": 0.0, "_runtime": 77, "_step": 0}