{"global_step": 956000, "_timestamp": 1652089098.7683654, "test/env_step": 900000.0, "test/reward": 100.55999755859375, "test/length": 166.85000610351562, "test/reward_std": 111.0657730102539, "test/length_std": 87.53244018554688, "_runtime": 1233, "_step": 956, "train/episode": 7.0, "train/reward": 104.28571319580078, "train/length": 171.14285278320312, "update/loss": 87.8820571899414, "update/loss/clip": 0.0005066724843345582, "update/loss/vf": 175.77151489257812, "update/loss/ent": 0.42038610577583313}