{"global_step": 64000, "_timestamp": 1652227595.2516646, "test/env_step": 60000.0, "test/baronsreward": 1.821176528930664, "test/baronslength": 182.11764526367188, "test/baronsreward_std": 0.4938907027244568, "test/baronslength_std": 49.389068603515625, "test/cityreward": 1.763877511024475, "test/citylength": 176.38775634765625, "test/cityreward_std": 0.6885442137718201, "test/citylength_std": 68.85442352294922, "_runtime": 492, "_step": 64, "train/episode": 3.0, "train/cacodemonsreward": 3.319999933242798, "train/cacodemonslength": 332.0, "train/cacodemonsreward_std": 0.555937647819519, "train/cacodemonslength_std": 55.59376525878906}