{"global_step": 36072, "_timestamp": 1652227858.7054653, "test/env_step": 0.0, "test_complete/reward": 1.1878571510314941, "test_complete/length": 118.78571319580078, "test_complete/reward_std": 0.422636479139328, "test_complete/length_std": 42.263648986816406, "test_flames_flaming_skulls_mancubus/reward": 1.2508108615875244, "test_flames_flaming_skulls_mancubus/length": 125.0810775756836, "test_flames_flaming_skulls_mancubus/reward_std": 0.6215863823890686, "test_flames_flaming_skulls_mancubus/length_std": 62.15863800048828, "test_revenants/reward": 2.0838096141815186, "test_revenants/length": 208.38095092773438, "test_revenants/reward_std": 0.5269993543624878, "test_revenants/length_std": 52.6999397277832, "_runtime": 107, "_step": 36, "train/episode": 5.0, "train_default/reward": 1.3949999809265137, "train_default/length": 139.5, "train_default/reward_std": 0.1550000011920929, "train_default/length_std": 15.5, "train_cacodemons/reward": 1.1799999475479126, "train_cacodemons/length": 118.0, "train_cacodemons/reward_std": 0.0, "train_cacodemons/length_std": 0.0, "train_city/reward": 1.565000057220459, "train_city/length": 156.5, "train_city/reward_std": 0.26499998569488525, "train_city/length_std": 26.5, "_wandb": {"runtime": 110}}