{"global_step": 1000, "_timestamp": 1652914687.7292244, "test/env_step": 0.0, "test_water/reward": 3.09879994392395, "test_water/reward_std": 1.26349937915802, "test_water/length": 467.5199890136719, "test_water/length_std": 90.94927215576172, "test_water/kits_obtained": 1.9299999475479126, "test_water/kits_obtained_std": 1.0416812896728516, "_runtime": 56, "_step": 1, "train/episode": 8.0, "train_default/reward": 3.7899999618530273, "train_default/reward_std": 1.3830039501190186, "train_default/length": 516.0, "train_default/length_std": 107.85175323486328, "train_default/kits_obtained": 2.5, "train_default/kits_obtained_std": 1.1180340051651}