{"global_step": 0, "_timestamp": 1652294027.9699805, "test/env_step": 0.0, "test_barons/reward": 0.8939215540885925, "test_barons/length": 153.90196228027344, "test_barons/reward_std": 0.5101982355117798, "test_barons/length_std": 54.914642333984375, "test_city/reward": 0.5604081749916077, "test_city/length": 153.79591369628906, "test_city/reward_std": 0.5007054805755615, "test_city/length_std": 56.92242431640625, "_runtime": 74, "_step": 0}