{"global_step": 358000, "_timestamp": 1652087563.0187113, "test/env_step": 300000.0, "test/reward": 457.04998779296875, "test/length": 523.6699829101562, "test/reward_std": 29.17511749267578, "test/length_std": 13.233332633972168, "_runtime": 597, "_step": 307, "train/episode": 4.0, "train/reward": 456.25, "train/length": 525.0, "update/loss": 73.24659729003906, "update/loss/clip": 0.00026744420756585896, "update/loss/vf": 146.503662109375, "update/loss/ent": 0.5500521659851074}