{"global_step": 249498, "_timestamp": 1652435747.9109745, "test/env_step": 200400.0, "test_complete/reward": 1.1253488063812256, "test_complete/length": 184.62791442871094, "test_complete/reward_std": 0.7958799600601196, "test_complete/length_std": 86.0135269165039, "test_flames_flaming_skulls_mancubus/reward": 1.3781578540802002, "test_flames_flaming_skulls_mancubus/length": 177.55262756347656, "test_flames_flaming_skulls_mancubus/reward_std": 0.6625224947929382, "test_flames_flaming_skulls_mancubus/length_std": 71.21675109863281, "test_revenants/reward": 1.9836841821670532, "test_revenants/length": 312.5789489746094, "test_revenants/reward_std": 0.8080660104751587, "test_revenants/length_std": 85.75627136230469, "_runtime": 623, "_step": 248, "train/episode": 3.0, "train_default/reward": 4.550000190734863, "train_default/length": 525.0, "train_default/reward_std": 0.0, "train_default/length_std": 0.0, "train_cacodemons/reward": 3.109999895095825, "train_cacodemons/length": 421.0, "train_cacodemons/reward_std": 0.0, "train_cacodemons/length_std": 0.0, "train_city/reward": 2.549999952316284, "train_city/length": 345.0, "train_city/reward_std": 0.0, "train_city/length_std": 0.0, "update/loss": -0.011607898399233818, "update/loss/clip": -0.0029285973869264126, "update/loss/vf": 0.008671208284795284, "update/loss/ent": 1.3014905452728271}