{"global_step": 913000, "_timestamp": 1652114146.6749125, "test/env_step": 900000.0, "test/reward": 13.786999702453613, "test/length": 284.9800109863281, "test/reward_std": 3.701693058013916, "test/length_std": 69.74022674560547, "_runtime": 4055, "_step": 909, "train/episode": 1.0, "train/reward": 13.100000381469727, "train/length": 247.0, "update/loss": 0.11797487735748291, "update/loss/clip": -0.003832898335531354, "update/loss/vf": 0.25141677260398865, "update/loss/ent": 0.39006170630455017}