{"global_step": 299000, "_timestamp": 1652086917.6223853, "test/env_step": 200000.0, "test/reward": 0.0, "test/length": 106.4800033569336, "test/reward_std": 0.0, "test/length_std": 27.577701568603516, "_runtime": 450, "_step": 299, "train/episode": 7.0, "train/reward": 0.0, "train/length": 116.71428680419922, "update/loss": -0.024510664865374565, "update/loss/clip": -0.013112744316458702, "update/loss/vf": 0.004203958436846733, "update/loss/ent": 1.3499900102615356}