{"global_step": 152304, "_timestamp": 1652340603.5835516, "test/env_step": 150300.0, "test_complete/reward": 1.5810526609420776, "test_complete/length": 230.73684692382812, "test_complete/reward_std": 1.2371758222579956, "test_complete/length_std": 129.8972625732422, "test_flames_flaming_skulls_mancubus/reward": 1.5402438640594482, "test_flames_flaming_skulls_mancubus/length": 188.65853881835938, "test_flames_flaming_skulls_mancubus/reward_std": 0.9768702983856201, "test_flames_flaming_skulls_mancubus/length_std": 102.19102478027344, "test_revenants/reward": 2.164762020111084, "test_revenants/length": 321.71429443359375, "test_revenants/reward_std": 0.8807443976402283, "test_revenants/length_std": 99.41693878173828, "_runtime": 493, "_step": 152, "train/episode": 4.0, "train_default/reward": 3.8399999141693115, "train_default/length": 464.0, "train_default/reward_std": 0.0, "train_default/length_std": 0.0, "train_cacodemons/reward": 2.380000114440918, "train_cacodemons/length": 308.0, "train_cacodemons/reward_std": 0.0, "train_cacodemons/length_std": 0.0, "train_city/reward": 1.809999942779541, "train_city/length": 281.0, "train_city/reward_std": 0.550000011920929, "train_city/length_std": 65.0, "update/loss": -0.011433890089392662, "update/loss/clip": -0.003641946706920862, "update/loss/vf": 0.010610602796077728, "update/loss/ent": 1.3097245693206787, "_wandb": {"runtime": 498}}