{"global_step": 1676000, "_timestamp": 1652181242.6367238, "test/env_step": 1600000.0, "test/reward": 15.479000091552734, "test/length": 282.7799987792969, "test/reward_std": 3.8025596141815186, "test/length_std": 68.41339111328125, "test/kills": 18.3700008392334, "test/kills_std": 4.196796417236328, "test/ammo": 2.232323169708252, "test/ammo_std": 4.21356201171875, "_runtime": 3237, "_step": 1648, "train/episode": 2.0, "train/reward": 15.800000190734863, "train/length": 300.5, "train/kills": 19.0, "train/kills_std": 1.0, "train/ammo": 0.5, "train/ammo_std": 0.5, "update/loss": 0.0827832892537117, "update/loss/clip": -0.007183054927736521, "update/loss/vf": 0.18760010600090027, "update/loss/ent": 0.3833712935447693}