{"global_step": 0, "_timestamp": 1654041237.9116802, "test/env_step": 0.0, "test_default/reward": 12.768011093139648, "test_default/reward_std": 4.236885070800781, "test_default/length": 1252.0, "test_default/length_std": 0.0, "test_default/kills": 2.0, "test_default/kills_std": 1.4142135381698608, "test_default/health": 100.0, "test_default/health_std": 0.0, "test_default/ammo": 69.5999984741211, "test_default/ammo_std": 2.1540658473968506, "test_default/movement": 34.402591705322266, "test_default/movement_std": 9.99747371673584, "test_default/hits_taken": 0.0, "test_default/hits_taken_std": 0.0, "_runtime": 23, "_step": 0}