{"global_step": 1000, "_timestamp": 1652226751.6262152, "test/env_step": 0.0, "test/baronsreward": 1.4791836738586426, "test/baronslength": 147.91836547851562, "test/baronsreward_std": 0.5812156200408936, "test/baronslength_std": 58.121559143066406, "test/cityreward": 1.3954901695251465, "test/citylength": 139.5490264892578, "test/cityreward_std": 0.39194995164871216, "test/citylength_std": 39.19499588012695, "_runtime": 31, "_step": 1, "train/episode": 5.0, "train/cacodemonsreward": 1.9160000085830688, "train/cacodemonslength": 191.60000610351562, "train/cacodemonsreward_std": 0.4105898141860962, "train/cacodemonslength_std": 41.058982849121094, "_wandb": {"runtime": 32}}