{"global_step": 1000, "_timestamp": 1652291929.5195968, "test/env_step": 0.0, "test_barons/reward": 0.4080769121646881, "test_barons/length": 107.53845977783203, "test_barons/reward_std": 0.25510960817337036, "test_barons/length_std": 28.90332794189453, "test_city/reward": 0.1537500023841858, "test_city/length": 113.29166412353516, "test_city/reward_std": 0.31915661692619324, "test_city/length_std": 32.20375061035156, "_runtime": 26, "_step": 1, "train/episode": 8.0, "train_cacodemons/reward": 0.48625001311302185, "train_cacodemons/length": 126.125, "train_cacodemons/reward_std": 0.2723939120769501, "train_cacodemons/length_std": 31.48586082458496, "_wandb": {"runtime": 29}}