{"global_step": 145000, "_timestamp": 1652106533.856228, "test/env_step": 100000.0, "test/reward": 4.551000118255615, "test/length": 148.42999267578125, "test/reward_std": 2.03511643409729, "test/length_std": 43.06953811645508, "_runtime": 513, "_step": 145, "train/episode": 5.0, "train/reward": 4.400000095367432, "train/length": 146.60000610351562, "update/loss": 0.0892195850610733, "update/loss/clip": -0.002538957167416811, "update/loss/vf": 0.194288969039917, "update/loss/ent": 0.5385944247245789, "_wandb": {"runtime": 522}}