{"global_step": 162450, "_timestamp": 1652775030.8257275, "test/env_step": 160000.0, "test_barons/reward": 1.7614634037017822, "test_barons/length": 238.34146118164062, "test_barons/reward_std": 1.2566128969192505, "test_barons/length_std": 125.86260223388672, "test_city/reward": 0.6552542448043823, "test_city/length": 163.4915313720703, "test_city/reward_std": 0.5606151223182678, "test_city/length_std": 58.60999298095703, "train/eps": 0.8460999727249146, "_runtime": 961, "_step": 307, "train/episode": 1.0, "train_cacodemons/reward": 0.3799999952316284, "train_cacodemons/length": 98.0, "train_cacodemons/reward_std": 0.0, "train_cacodemons/length_std": 0.0, "train_flaming_skulls/reward": 1.659999966621399, "train_flaming_skulls/length": 256.0, "train_flaming_skulls/reward_std": 0.0, "train_flaming_skulls/length_std": 0.0, "update/loss": 2.91015625}