{"global_step": 208000, "_timestamp": 1652199001.4230704, "test/env_step": 200000.0, "test/reward": 2.2918999195098877, "test/length": 229.19000244140625, "test/reward_std": 1.0578796863555908, "test/length_std": 105.7879638671875, "_runtime": 1790, "_step": 208, "train/episode": 2.0, "train/reward": 5.25, "train/length": 525.0, "update/loss": -0.018453648313879967, "update/loss/clip": -0.01049530878663063, "update/loss/vf": 0.011315076611936092, "update/loss/ent": 1.3615877628326416, "_wandb": {"runtime": 1793}}