{"global_step": 7000, "_timestamp": 1652828264.1896818, "test/env_step": 0.0, "test_resized_enemies/reward": 14.20029067993164, "test_resized_enemies/reward_std": 5.749397277832031, "test_resized_enemies/length": 1252.0, "test_resized_enemies/length_std": 0.0, "test_resized_enemies/kills": 0.6000000238418579, "test_resized_enemies/kills_std": 0.8944271802902222, "test_resized_enemies/health": 92.80000305175781, "test_resized_enemies/health_std": 16.099689483642578, "test_resized_enemies/ammo": 12.039999961853027, "test_resized_enemies/ammo_std": 2.7997143268585205, "test_resized_enemies/movement": 41.45140838623047, "test_resized_enemies/movement_std": 14.730878829956055, "test_blue/reward": 11.649808883666992, "test_blue/reward_std": 5.248031139373779, "test_blue/length": 1252.0, "test_blue/length_std": 0.0, "test_blue/kills": 0.5199999809265137, "test_blue/kills_std": 0.8304215669631958, "test_blue/health": 96.72000122070312, "test_blue/health_std": 10.512925148010254, "test_blue/ammo": 11.9399995803833, "test_blue/ammo_std": 3.971951723098755, "test_blue/movement": 36.542518615722656, "test_blue/movement_std": 14.315841674804688, "_runtime": 82, "_step": 7, "train/episode": 4.0, "train_default/reward": 6.55980110168457, "train_default/reward_std": 0.6438270807266235, "train_default/length": 1252.0, "train_default/length_std": 0.0, "train_default/kills": 0.5, "train_default/kills_std": 0.5, "train_default/health": 100.0, "train_default/health_std": 0.0, "train_default/ammo": 11.0, "train_default/ammo_std": 1.0, "train_default/movement": 22.87476348876953, "train_default/movement_std": 0.14002257585525513, "train_red/reward": 20.250167846679688, "train_red/reward_std": 1.7565040588378906, "train_red/length": 1252.0, "train_red/length_std": 0.0, "train_red/kills": 0.5, "train_red/kills_std": 0.5, "train_red/health": 100.0, "train_red/health_std": 0.0, "train_red/ammo": 14.5, "train_red/ammo_std": 0.5, "train_red/movement": 67.73217010498047, "train_red/movement_std": 7.369022846221924}